sample_id,nacl_mass_g,volume_ml,concentration_g_L,temperature_C,commercial_ec_uS_cm,lab_sensor_ec_uS_cm,trial,lab_sensor_corrected_ec,error,percent_error
B1,0.0,500,0.0,20,5,7,1,-6.621383098189765,-11.621383098189764,-232.4276619637953
B2,0.005,500,0.01,20,22,25,1,10.867463126397777,-11.132536873602223,-50.60244033455557
B3,0.015,500,0.03,20,65,70,1,54.589578687866634,-10.410421312133366,-16.016032787897487
B4,0.05,500,0.1,20,210,225,1,205.18797673292602,-4.812023267073982,-2.2914396509876105
B5,0.15,500,0.3,20,620,650,1,618.1190681467986,-1.8809318532014458,-0.3033761053550719
B6,0.5,500,1.0,20,1950,2050,1,1978.3626633924962,28.362663392496188,1.454495558589548
B7,1.5,500,3.0,20,5600,5800,1,5621.872293514902,21.872293514901685,0.3905766699089587
B8,5.0,500,10.0,20,17000,17500,1,16989.622339496804,-10.377660503196239,-0.06104506178350729
